{"train_loss": [0.6178152259925137, 0.3656331378480662, 0.2324573033205841, 0.21769332059699556, 0.19271211042676284, 0.12326860901616189, 0.13908890282492276, 0.13073527812957764, 0.13093167387515955, 0.09965664563376618, 0.078070207266137, 0.0882960400827553, 0.07967295959267927, 0.06570527798739141, 0.08330356677913148, 0.06824207769544877, 0.039504769885831556, 0.06154718555246844, 0.07504537045631719, 0.052103593793657164, 0.0713665769233004, 0.0737562884333665, 0.05554234850949243, 0.07723555258353768, 0.0371849932404154, 0.05247082103185518, 0.04728442460612353, 0.03015433508730696, 0.018715711535744205, 0.03129416964973485, 0.07131740396700638, 0.06350691332076878, 0.04472900909351428, 0.04115222521004793, 0.07956503677364114], "train_acc": [75.98639455782313, 86.53061224489795, 92.58503401360544, 92.44897959183673, 93.46938775510205, 95.3061224489796, 95.10204081632654, 95.64625850340136, 96.39455782312925, 96.73469387755102, 97.27891156462584, 97.07482993197279, 97.48299319727892, 97.68707482993197, 97.07482993197279, 97.55102040816327, 98.77551020408163, 97.75510204081633, 97.68707482993197, 98.0952380952381, 97.48299319727892, 97.48299319727892, 97.89115646258503, 97.75510204081633, 99.18367346938776, 97.82312925170068, 98.70748299319727, 98.91156462585035, 99.38775510204081, 98.9795918367347, 97.48299319727892, 97.27891156462584, 98.43537414965986, 98.9795918367347, 97.34693877551021], "val_acc": [75.87301587301587, 84.12698412698413, 81.58730158730158, 83.4920634920635, 84.12698412698413, 84.12698412698413, 85.07936507936508, 78.41269841269842, 80.63492063492063, 84.76190476190476, 79.04761904761905, 84.44444444444444, 84.12698412698413, 80.0, 73.65079365079364, 86.03174603174604, 80.0, 82.53968253968254, 82.85714285714286, 82.53968253968254, 82.53968253968254, 84.12698412698413, 82.85714285714286, 86.03174603174604, 84.44444444444444, 85.71428571428571, 83.4920634920635, 83.4920634920635, 81.9047619047619, 83.80952380952381, 78.41269841269842, 80.31746031746032, 80.31746031746032, 83.4920634920635, 79.04761904761905]}