{"train_loss": [0.5677178317438001, 0.2913803275188674, 0.1995514543808025, 0.15775918434171574, 0.13971615635344517, 0.16193603165447712, 0.10040925572747769, 0.10812473548171313, 0.07750365675588988, 0.09008788578617184, 0.0982974621710246, 0.05629872912844724, 0.09112573643822384, 0.049429371315257056, 0.06915241093678481, 0.037928728548728904, 0.04237236023840049, 0.06698452905022903, 0.031894615632431254, 0.06051056285935413, 0.09006328482950188, 0.04340628985538269, 0.053248718350558825, 0.05881432498521779, 0.034291695521223235, 0.03857994203850546, 0.05486329778036832, 0.027215134487841682, 0.05340971104780455, 0.03058697498889397, 0.013708609559968032, 0.019126708583865802, 0.01944221386878306, 0.021878095043496654, 0.040040811773708454], "train_acc": [77.14285714285714, 89.72789115646259, 93.5374149659864, 94.96598639455782, 94.82993197278911, 94.6938775510204, 96.59863945578232, 95.91836734693878, 97.68707482993197, 96.87074829931973, 96.53061224489795, 98.2312925170068, 96.4625850340136, 98.57142857142857, 97.55102040816327, 98.91156462585035, 98.57142857142857, 97.68707482993197, 98.84353741496598, 97.75510204081633, 97.48299319727892, 98.43537414965986, 98.57142857142857, 98.36734693877551, 99.04761904761905, 98.91156462585035, 98.63945578231292, 99.25170068027211, 98.36734693877551, 99.1156462585034, 99.65986394557824, 99.31972789115646, 98.9795918367347, 99.25170068027211, 98.91156462585035], "val_acc": [90.7936507936508, 92.06349206349206, 86.98412698412699, 90.47619047619048, 88.57142857142857, 86.66666666666667, 90.7936507936508, 90.7936507936508, 86.34920634920636, 80.63492063492063, 90.47619047619048, 89.52380952380952, 93.01587301587301, 91.42857142857143, 92.06349206349206, 91.11111111111111, 93.33333333333333, 90.15873015873017, 90.7936507936508, 90.47619047619048, 93.01587301587301, 92.6984126984127, 90.7936507936508, 92.06349206349206, 90.47619047619048, 87.93650793650794, 90.15873015873017, 90.47619047619048, 92.06349206349206, 90.15873015873017, 91.42857142857143, 91.74603174603175, 91.11111111111111, 92.38095238095238, 90.47619047619048]}