{"train_loss": [0.47009363025426865, 0.10440700898027938, 0.10302882394550936, 0.0646089377367626, 0.038508126066754696, 0.0808386724928151, 0.04061257652938366, 0.03658827219117919, 0.04155843201822237, 0.020222097397376987, 0.01898352413453445, 0.027447215828072767, 0.046199655605723026, 0.035624181537929435, 0.05745101550533234, 0.06736776508066965, 0.03544061596545836, 0.02041580280005608, 0.010572949768570454, 0.024321675844713234, 0.07582387791784562, 0.041939430070393115, 0.03566025664685699, 0.01699871837753681, 0.01432992493905856, 0.05558300805885507, 0.03657905663282651, 0.03192917587306431, 0.004458780618101035, 0.013881783975470487, 0.004423613762533616, 0.002985169060158786, 0.00290497276103491, 0.0021907156969973585, 0.0028333182351122123], "train_acc": [86.53061224489795, 96.87074829931973, 97.55102040816327, 97.68707482993197, 98.50340136054422, 97.68707482993197, 98.91156462585035, 98.63945578231292, 99.04761904761905, 99.59183673469387, 99.31972789115646, 98.91156462585035, 99.31972789115646, 98.63945578231292, 98.36734693877551, 98.2312925170068, 98.91156462585035, 99.72789115646259, 99.8639455782313, 98.77551020408163, 97.55102040816327, 98.91156462585035, 98.77551020408163, 99.72789115646259, 99.31972789115646, 98.0952380952381, 98.50340136054422, 98.77551020408163, 100.0, 99.72789115646259, 100.0, 100.0, 99.8639455782313, 100.0, 99.8639455782313], "val_acc": [94.9367088607595, 96.83544303797468, 96.83544303797468, 96.20253164556962, 94.9367088607595, 96.83544303797468, 97.46835443037975, 95.56962025316456, 96.20253164556962, 96.83544303797468, 96.20253164556962, 94.9367088607595, 95.56962025316456, 95.56962025316456, 90.50632911392405, 91.77215189873418, 94.30379746835443, 96.83544303797468, 96.83544303797468, 96.83544303797468, 91.77215189873418, 94.9367088607595, 97.46835443037975, 96.83544303797468, 97.46835443037975, 94.30379746835443, 95.56962025316456, 95.56962025316456, 96.20253164556962, 94.30379746835443, 94.9367088607595, 96.83544303797468, 96.20253164556962, 95.56962025316456, 95.56962025316456]}